series, m, b

07221119_1016, -0.058, 239.0
07221124_1408, -0.030666666666666665, 106.93333333333334
07221124_1603, -0.030666666666666665, 106.93333333333334
07221124_1748, -0.030666666666666665, 106.93333333333334
07221124_2022, -0.030666666666666665, 106.93333333333334
07221124_2331, -0.030666666666666665, 106.93333333333334